country,region,priority,broker_name,website,email,phone,description,ipmi_score,ipmi_verdict,source,run_date
Dominican Republic,LATAM,medium,Dominican Republic Health Insurance for Expats,https://www.pacificprime.com/country/americas/dominican-republic-health-insurance-pacific-prime-international/,,,Recommended International Health Insurance Plans for Expatriates Living in Dominican Republic · Cigna Global Insurance Plan · Bupa Global International Private ...,95,"🟢 Strong IPMI match — Pacific Prime is a recognized IPMI broker that actively sells international health insurance plans (Cigna Global, Bupa Global) to expatriates in the Dominican Republic and other countries.",SerpApi Supplementary,2026-07-12
Global,Global,medium,Medium enterprise (75-149),,,,Listed on AXA Global Healthcare Broker,92,"🟢 Strong IPMI match — Listed on AXA Global Healthcare Broker as a medium enterprise broker with global reach, indicating active distribution of international health insurance products.",AXA Global Healthcare Broker,2026-07-12
Panama,LATAM,high,Panama Health Insurance for Expats,https://www.pacificprime.com/country/americas/panama-health-insurance-pacific-prime/,,,Best International Health Insurance Plans for Expats in Panama · Cigna Global Insurance Plan · AXA · Blue Cross Blue Shield Global Solutions.,92,"🟢 Strong IPMI match — Pacific Prime is a recognized IPMI broker that actively sells international health insurance plans from major providers (Cigna Global, AXA, Blue Cross Blue Shield) to expatriates in Panama and globally.",SerpApi Supplementary,2026-07-12
Costa Rica,LATAM,high,Mejor seguro de salud internacional en Costa Rica para ...,https://www.pacificprime.lat/es/country/costa-rica-health-insurance/,,,"IMG ofrece planes de seguro de salud internacional rentables para expatriados en Costa Rica, lo que te permite personalizar la duración y el área de cobertura, ...",92,🟢 Strong IPMI match — Pacific Prime is a recognized IPMI broker offering customizable international health insurance plans specifically for expatriates in Costa Rica with flexible coverage duration and area options.,SerpApi Supplementary,2026-07-12
Uruguay,LATAM,medium,Mejor seguro de salud internacional en Uruguay,https://www.pacificprime.lat/es/country/uruguay-health-insurance/,,,"Los planes de seguro de salud internacional suelen ser ideales para los expatriados, ya que brindan cobertura en Uruguay y en todo el mundo. Además, los costos ...",92,🟢 Strong IPMI match — Pacific Prime is a recognized international health insurance broker with a dedicated webpage for Uruguay offering expat health insurance coverage globally.,SerpApi Supplementary,2026-07-12
Uruguay,LATAM,medium,Uruguay Health Insurance for Expats,https://www.pacificprime.com/country/americas/uruguay-health-insurance-pacific-prime-international/,,,Recommended International Health Insurance Plans for Expatriates Living in Uruguay · Allianz Care Health Insurance · Cigna Global Insurance Plan.,92,"🟢 Strong IPMI match — Pacific Prime is a genuine IPMI broker actively selling international health insurance plans (Allianz Care, Cigna Global) to expatriates in Uruguay and other countries.",SerpApi Supplementary,2026-07-12
Uruguay,LATAM,medium,Can Individuals over the age of 65 obtain health insurance ...,https://www.pacificprime.com/questions/can-individuals-over-the-age-of-65-obtain-health-insurance-in-uruguay/,,,International Health Insurance. At age 66 we have a number of Uruguay Health Insurance options which may be suitable for you. Plans are available from more than ...,92,"🟢 Strong IPMI match — Pacific Prime is a recognized IPMI broker that actively sells international health insurance products to expatriates and globally mobile individuals, as evidenced by their specialized content addressing age-specific coverage options for expats in Uruguay.",SerpApi Supplementary,2026-07-12
Paraguay,LATAM,low,Paraguay Health Insurance for Expats,https://www.pacificprime.com/country/americas/paraguay-health-insurance-pacific-prime-international/,,,"AXA. AXA is a reliable choice for expats seeking international health insurance in Paraguay. Their plans include coverage limits from USD $160,000 to $8,000,000 ...",92,🟢 Strong IPMI match — Pacific Prime is a legitimate IPMI broker distributing AXA international health insurance plans with high coverage limits specifically marketed to expatriates in Paraguay.,SerpApi Supplementary,2026-07-12
Bolivia,LATAM,low,Health Insurance in Bolivia,https://www.april-international.com/en/destinations/america/health-insurance-in-bolivia,,,"For medical care in Bolivia, expats generally prefer private hospitals ... Long-term international health insurance for expats. 07/2026. Qatar Employer ...",92,"🟢 Strong IPMI match — APRIL International is a recognized IPMI broker offering long-term international health insurance specifically designed for expats, as evidenced by the destination-specific page and explicit mention of expat coverage.",SerpApi Supplementary,2026-07-12
Bolivia,LATAM,low,Bolivia Health Insurance for Expats,https://www.pacificprime.com/country/americas/bolivia-health-insurance-pacific-prime-international/,,,Recommended International Health Insurance Plans for Expatriates Living in Bolivia · Allianz Care Health Insurance · Cigna Global Insurance Plan.,92,"🟢 Strong IPMI match — Pacific Prime is a recognized IPMI broker actively selling international health insurance plans (Allianz Care, Cigna Global) to expatriates in Bolivia and other countries.",SerpApi Supplementary,2026-07-12
Ecuador,LATAM,medium,International Health Insurance for Expats in Ecuador,https://www.pacificprime.com/country/americas/ecuador-health-insurance-pacific-prime-international/,,,"Expats in Ecuador can choose from three tiers of coverage for their international health insurance plans: Care, Care Plus, and Care Pro. Allianz logo. World- ...",92,🟢 Strong IPMI match — Pacific Prime is a recognized IPMI broker that actively sells international health insurance plans to expatriates in Ecuador with multiple coverage tiers and partnerships with global insurers like Allianz.,SerpApi Supplementary,2026-07-12
Guatemala,LATAM,medium,International Health Insurance | APRIL International⁤,https://www.april-international.com/en,,,"Get flexible international health insurance for expats, students & ... Guatemala. Guernsey. Guinea. Guinea-Bissau. Guyana. Haiti. Heard Island and McDonald ...",92,"🟢 Strong IPMI match — APRIL International is a well-established international health insurance provider that actively sells expat and international health insurance coverage globally, as evidenced by their website offering flexible plans for expatriates and students across multiple countries.",SerpApi Supplementary,2026-07-12
Honduras,LATAM,low,International Health Insurance for Expats in Honduras,https://www.pacificprime.com/country/americas/honduras-health-insurance-pacific-prime-international/,,,"One of the largest international health insurance providers on the market today, Allianz Care, offers expats in Honduras comprehensive and customizable coverage ...",92,🟢 Strong IPMI match — Pacific Prime is a recognized IPMI broker that actively distributes international health insurance products (including Allianz Care) to expatriates and globally mobile individuals in Honduras and other countries.,SerpApi Supplementary,2026-07-12
Global,Global,medium,AXA Partners US,/axa-partners-us,,,Listed in iPMI Global industry directory,85,"🟢 Strong IPMI match — AXA Partners US is a legitimate IPMI distributor operating globally under the AXA corporate umbrella, known for offering international health insurance products to expatriates and globally mobile individuals.",iPMI Global Directory,2026-07-12
Global,Global,medium,Cigna Healthcare,/cigna-healthcare,,,Listed in iPMI Global industry directory,85,🟢 Strong IPMI match — Cigna is a major global insurance provider that actively offers international health insurance products to expatriates and globally mobile individuals across multiple countries.,iPMI Global Directory,2026-07-12
Global,Global,medium,Global Excel,/global-excel,,,Listed in iPMI Global industry directory,85,🟢 Strong IPMI match — Global Excel is a recognized IPMI broker listed in the iPMI Global Directory that specializes in international health insurance for expatriates and globally mobile individuals.,iPMI Global Directory,2026-07-12
Global,Global,medium,UnitedHealthcare Global,/unitedhealthcare-global,,,Listed in iPMI Global industry directory,85,🟢 Strong IPMI match — UnitedHealthcare Global is a legitimate division of UnitedHealth Group that actively provides international health insurance products to expatriates and globally mobile individuals across multiple countries.,iPMI Global Directory,2026-07-12
Global,Global,medium,Trawick International,/trawick-international,,,Listed in iPMI Global industry directory,85,🟢 Strong IPMI match — Trawick International is a recognized IPMI broker that specializes in selling international health insurance products to expatriates and globally mobile individuals.,iPMI Global Directory,2026-07-12
Estonia,Small Europe,medium,NOMADS.insure,https://ee.linkedin.com/company/nomads-insure,,,About us. Specialized broker for digital nomads' global health insurance - e-Residents' company licensed in Estonia for the entire European Economic Area.,85,"🟢 Strong IPMI match — NOMADS.insure is explicitly described as a specialized broker for digital nomads' global health insurance licensed in Estonia for the EEA, matching the definition of an IPMI broker serving internationally mobile individuals.",LinkedIn Search,2026-07-12
Iceland,Small Europe,medium,Allianz Partners APAC & MEA,https://cn.linkedin.com/company/allianzpartnerssingapore,,,"Allianz Partners is a world leader in B2B2C insurance and assistance, offering global solutions that span international health and life, travel insurance,",85,"🟢 Strong IPMI match — Allianz Partners is a legitimate global insurance provider explicitly offering international health insurance and assistance solutions to B2B2C customers, though the Iceland country designation and LinkedIn Singapore URL suggest incomplete or inconsistent data requiring verification.",LinkedIn Search,2026-07-12
Panama,LATAM,high,Mejor seguro de salud internacional en Panamá,https://www.pacificprime.lat/es/country/panama-health-insurance/,,,Mejor seguro de salud internacional en Panamá. Sobre Nosotros · País · Planes ... Broker before the National Insurance and Bonding Comission (Comisión ...,85,"🟢 Strong IPMI match — Pacific Prime is a recognized IPMI broker operating in Panama with a dedicated webpage offering international health insurance plans to expatriates and globally mobile individuals, as evidenced by the URL structure and description referencing broker registration.",SerpApi Supplementary,2026-07-12
Panama,LATAM,high,Cobertura de Seguro de Salud en América Latina,https://www.pacificprime.lat/es/country/,,,Panama Insurance Panamá. Paraguay Insurance Paraguay. Peru Insurance Perú ... ¿Es necesario un seguro de salud internacional para expatriados y viajeros en ...,85,🟢 Strong IPMI match — Pacific Prime is a recognized IPMI broker operating in Latin America that actively sells international health insurance to expatriates across multiple countries in the region.,SerpApi Supplementary,2026-07-12
Panama,LATAM,high,2018 Expat Health Insurance Brief: Panama,https://www.imglobal.com/case-studies/2018-expat-panama,,,"Depending on the provider network, an international health insurance plan may also give you access to some of the top facilities in Panama. 4 Health Care ...",85,"🟢 Strong IPMI match — IMG Global is a known IPMI broker offering international health insurance plans to expatriates, and this entry is a case study on their website discussing expat health insurance coverage in Panama.",SerpApi Supplementary,2026-07-12
Costa Rica,LATAM,high,Best International Health Insurance in Costa Rica for Expats,https://www.pacificprime.lat/country/costa-rica-health-insurance/,,,IMG offers cost-efficient international health insurance plans for expats in Costa Rica ... Consult with insurance brokers or professionals specializing in expat ...,85,🟢 Strong IPMI match — Pacific Prime is a recognized IPMI broker that actively sells international health insurance plans to expatriates in Costa Rica and operates across multiple countries.,SerpApi Supplementary,2026-07-12
Costa Rica,LATAM,high,Top Health Insurance Plans for American Expats in Costa ...,https://www.pacificprime.com/blog/top-health-insurance-plans-for-american-expats-in-costa-rica.html,,,Cigna Global: Flexible International Health Insurance for American Expats in Costa Rica. Cigna Global provides adaptable health insurance ...,85,"🟢 Strong IPMI match — Pacific Prime is a known IPMI broker that actively sells international health insurance to expats and globally mobile individuals, as evidenced by their content marketing targeting American expats in Costa Rica with Cigna Global products.",SerpApi Supplementary,2026-07-12
Paraguay,LATAM,low,Best International Health Insurance Plans for Expats in ...,https://www.pacificprime.com/blog/top-paraguay-insurance-companies-expats.html,,,"The best international health insurance plans for expats in Paraguay come from leading insurers, including Cigna, Allianz, GeoBlue, ...",85,"🟢 Strong IPMI match — Pacific Prime is a recognized IPMI broker that actively sells international health insurance to expatriates and globally mobile individuals, as evidenced by their blog content promoting IPMI plans from major carriers like Cigna, Allianz, and GeoBlue to expats in Paraguay.",SerpApi Supplementary,2026-07-12
Paraguay,LATAM,low,Health insurance in Paraguay,https://www.mondassur.com/en/health-insurance-in-paraguay/,,,"Expatriate insurance Paraguay ... Mondassur offers international health insurance contracts for expatriates, international students, travelers and businesses.",85,"🟢 Strong IPMI match — Mondassur explicitly offers international health insurance contracts for expatriates, international students, travelers and businesses, which is the core definition of an IPMI broker.",SerpApi Supplementary,2026-07-12
Bolivia,LATAM,low,Mejor seguro de salud internacional en Bolivia,https://www.pacificprime.lat/es/country/bolivia-health-insurance/,,,El costo de un plan de seguro de salud internacional en Bolivia variará ... Broker before the National Insurance and Bonding Comission (Comisión ...,85,🟢 Strong IPMI match — Pacific Prime is a recognized IPMI broker with a dedicated Bolivia health insurance page offering international health insurance plans to expatriates and globally mobile individuals.,SerpApi Supplementary,2026-07-12
Ecuador,LATAM,medium,"Bupa Ecuador on Instagram: "" Con Bupa Global Care ya ...",https://www.instagram.com/reel/DOtcYt7lXUX/,,,"... likes, 0 comments - bupaecuador on September 17, 2025: "" Con Bupa Global Care ya disponible en Ecuador ... Seguro de salud internacional De Chile ...",85,"🟢 Strong IPMI match — Bupa Global Care is explicitly mentioned as an international health insurance product now available in Ecuador, indicating active distribution of IPMI to expatriates and globally mobile individuals.",SerpApi Supplementary,2026-07-12
Ecuador,LATAM,medium,Health Insurance in Ecuador,https://www.now-health.com/en/countries-we-cover/ecuador/,,,"International Health Insurance - Now Health. GET A QUOTE. FOR INDIVIDUALS & FAMILIES · FOR BROKERS ... As an expat living in Ecuador, your social security ...",85,"🟢 Strong IPMI match — Now Health is an established IPMI provider that actively sells international health insurance to expats and globally mobile individuals, with specific country-level coverage pages including Ecuador.",SerpApi Supplementary,2026-07-12
Guatemala,LATAM,medium,Mejor seguro de salud internacional en Guatemala,https://www.pacificprime.lat/es/country/guatemala-health-insurance/,,,Mejor seguro de salud internacional en Guatemala · Sobre Nosotros · País · Planes · Aseguradoras · Recursos · Blog. Seguro de Salud Guatemala. Seguro médico ...,85,🟢 Strong IPMI match — Pacific Prime is a recognized international health insurance broker with a dedicated Guatemala country page offering international health insurance plans and services to expatriates and globally mobile individuals.,SerpApi Supplementary,2026-07-12
Guatemala,LATAM,medium,Expat Health Insurance,https://www.imglobal.com/intl/global-health-insurance/expat,,,"Some countries require residents to maintain local health insurance, while others may allow expats to purchase their own international health insurance.",85,"🟢 Strong IPMI match — The website URL and description indicate this is a page from IMG Global promoting international/expat health insurance products, though the entry itself appears to be a landing page rather than the broker's main domain.",SerpApi Supplementary,2026-07-12
Honduras,LATAM,low,Mejor seguro de salud internacional en Honduras,https://www.pacificprime.lat/es/country/honduras-health-insurance/,,,Mejor seguro de salud internacional en Honduras · Sobre Nosotros · País · Planes · Aseguradoras · Recursos · Blog. Seguro de salud en Honduras. Seguro médico ...,85,"🟢 Strong IPMI match — Pacific Prime is a recognized IPMI broker with a dedicated landing page offering international health insurance solutions specifically for Honduras, targeting expatriates and globally mobile individuals.",SerpApi Supplementary,2026-07-12
El Salvador,LATAM,low,Mejor seguro de salud internacional en El Salvador,https://www.pacificprime.lat/es/country/el-salvador-health-insurance/,,,"Seguro de salud internacional: diseñado para brindar cobertura no solo en El Salvador, sino también en casi cualquier otro país del mundo. ¿Qué tipo de seguro ...",85,🟢 Strong IPMI match — Pacific Prime is a recognized international health insurance broker operating across Latin America that actively sells expat and international health insurance coverage extending beyond El Salvador to multiple countries worldwide.,SerpApi Supplementary,2026-07-12
El Salvador,LATAM,low,Top Insurance Companies in El Salvador for Expats,https://www.pacificprime.com/blog/top-el-salvador-insurance-companies-expats.html,,,"Allianz Care is a top international health insurance provider, trusted by expats and their families in El Salvador. With access to more than 1.9 ...",85,"🟢 Strong IPMI match — Pacific Prime is a known IPMI broker that sells international health insurance to expats and globally mobile individuals, though this specific entry is a blog article rather than a direct sales page.",SerpApi Supplementary,2026-07-12
El Salvador,LATAM,low,International Health Insurance for Expats in El Salvador,https://www.pacificprime.com/country/americas/el-salvador-health-insurance-pacific-prime-international/,,,"Notable international health insurance providers for expats in El Salvador include April International, Blue Cross Blue Shield Global Solutions, and more. Below ...",85,🟢 Strong IPMI match — Pacific Prime is a recognized IPMI broker that actively sells international health insurance to expats and globally mobile individuals across multiple countries including El Salvador.,SerpApi Supplementary,2026-07-12
Qatar,Middle East,high,Lifecare International,https://ae.linkedin.com/company/lifecare-international,,,"... Qatar and Kenya. Our office locations are as below: UAE: Lifecare International Insurance Brokers LLC., Licensed by Insurance Authority – Reg No.156 #205 ...",82,🟢 Strong IPMI match — Lifecare International is a licensed insurance broker operating in UAE and Qatar with a professional LinkedIn presence indicating international health insurance distribution capabilities.,LinkedIn Search,2026-07-12
Malaysia,South/SE Asia,high,Envisage International Corporation,https://www.linkedin.com/company/envisage-international-corporation,,,International Health and Travel Insurance As a specialized international health and travel insurance broker ... Bahasa Malaysia (Malay); Nederlands (Dutch),82,"🟢 Strong IPMI match — Self-identified as specialized international health and travel insurance broker with multilingual capabilities, indicating active distribution of IPMI products to globally mobile individuals.",LinkedIn Search,2026-07-12
Uruguay,LATAM,medium,AOC Insurance broker: Expat health insurance,https://www.aoc-insurancebroker.com/,,,"AOC Insurance Broker ""Insurtech"" is leading global international health insurance for expatriates & employee ... Uruguay, Uzbekistan, Vanuatu, Venezuela ...",82,"🟢 Strong IPMI match — AOC Insurance Broker explicitly positions itself as providing international health insurance for expatriates with global coverage across multiple countries, matching the core definition of an IPMI broker.",SerpApi Supplementary,2026-07-12
Ecuador,LATAM,medium,"Expat Health insurance guide in Ecuador, America",https://www.aoc-insurancebroker.fr/en/ecuador-expat-health-insurance-guide,,,Ecuador Expat Health Insurance Guide. Full Name ... AOC Insurance Broker: International Health Insurance comparisons ... Insurance Services. Ask for a quotation ...,78,"🟢 Strong IPMI match — AOC Insurance Broker explicitly offers international health insurance comparisons and quotations for expat health insurance in Ecuador, indicating active IPMI brokerage services.",SerpApi Supplementary,2026-07-12
Global,Global,medium,Digital Nomads Insurance,/in-focus/digital-nomads-insurance,,,Listed in iPMI Global industry directory,75,"🟢 Strong IPMI match — Name and listing in iPMI Global Directory suggest focus on insuring digital nomads with international health coverage, though the URL structure (in-focus/) suggests it may be a directory article rather than a brokerage website.",iPMI Global Directory,2026-07-12
Global,Global,medium,International Medical Group,/international-medical-group,,,Listed in iPMI Global industry directory,75,"🟢 Strong IPMI match — International Medical Group is a recognized IPMI provider listed in the iPMI Global Directory that sells international health insurance to expatriates and globally mobile individuals, though confirmation of active distribution requires verification of current operations.",iPMI Global Directory,2026-07-12
Global,Global,medium,MDabroad,/mdabroad,,,Listed in iPMI Global industry directory,75,"🟢 Strong IPMI match — MDabroad appears to be an IPMI broker based on its listing in the iPMI Global Directory and name suggesting international medical services, though limited website information prevents higher confidence.",iPMI Global Directory,2026-07-12
Global,Global,medium,Insurance partners,,,,Listed on AXA Global Healthcare Broker,75,"🟢 Strong IPMI match — Listed on AXA Global Healthcare Broker's platform, indicating it is recognized as a broker partner for international health insurance distribution, though limited information is available to fully verify independent IPMI operations.",AXA Global Healthcare Broker,2026-07-12
Oman,Middle East,high,Fidelity Insurance Brokers Private Limited,https://pk.linkedin.com/company/fidelity-insurance-brokers,,,"... International Health Insurance, Kidnap & Ransom, and Retail Practice Group ... Lockton is the world's largest privately held independent insurance broker ...",75,"🟢 Strong IPMI match — Company explicitly mentions International Health Insurance as a service line and appears to be part of Lockton, a major global insurance broker network, though LinkedIn-only verification and Oman registration create minor uncertainty.",LinkedIn Search,2026-07-12
Saudi Arabia,Middle East,high,Lockton,https://www.linkedin.com/company/lockton-companies,,,"Our private ownership empowers our nearly 15,000 Associates doing business in over 140+ countries to focus solely on clients' risk and insurance needs. With ...",75,"🟢 Strong IPMI match — Lockton is a major multinational insurance broker with operations in 140+ countries that serves globally mobile clients and expatriates, though the LinkedIn description alone doesn't explicitly confirm IPMI as a core offering.",LinkedIn Search,2026-07-12
Vietnam,South/SE Asia,high,Tenzing Pacific Services,https://de.linkedin.com/company/tenzing-pacific-services?trk=public_profile_experience-item_profile-section-card_image-click,,,"... Vietnam and Thailand. Our customers are expat and local, personal and ... True international health insurance is designed for global citizens.",75,"🟢 Strong IPMI match — Company description explicitly references expat customers and 'true international health insurance for global citizens' operating across Vietnam and Thailand, indicating active IPMI distribution, though limited information prevents higher confidence.",LinkedIn Search,2026-07-12
Malaysia,South/SE Asia,high,Luke Medikal Internasional,https://www.linkedin.com/company/luke-medikal-internasional,,,... international health insurance Health protection options from world ... Malaysia for their expat medical needs. From faster access to specialists to ...,75,"🟢 Strong IPMI match — Company name and LinkedIn description explicitly reference international health insurance and expat medical needs in Malaysia, indicating they distribute IPMI products, though the limited information prevents higher confidence.",LinkedIn Search,2026-07-12
Malaysia,South/SE Asia,high,Medibroker Ltd,https://mu.linkedin.com/company/medibroker-ltd,,,"Medibroker Ltd | 472 abonnés sur LinkedIn. Medibroker is an award-winning, fully independent international health insurance broker ... Bahasa Malaysia (Malaisien)",75,"🟢 Strong IPMI match — LinkedIn profile explicitly identifies Medibroker as an 'award-winning, fully independent international health insurance broker' with significant following, indicating active IPMI distribution in Malaysia, though direct website verification was not possible.",LinkedIn Search,2026-07-12
Luxembourg,Small Europe,high,Suisscourtage Assurances,https://mc.linkedin.com/company/suisscourtage-assurances,,,"... Luxembourg, Fort Lauderdale ... OnlyHealth | International Health Insurance https://onlyhealth-insurance.com.",75,"🟢 Strong IPMI match — Suisscourtage Assurances is a Luxembourg-based insurance broker with explicit reference to OnlyHealth's international health insurance product, indicating active distribution of IPMI to globally mobile individuals.",LinkedIn Search,2026-07-12
Panama,LATAM,high,International Health Insurance for Colombia,https://seguros360.com/en/international-health-insurance-colombia/,,,"... Panama, and beyond, thousands of Colombians need ... What advantage does Seguros360 have over a local broker? ... seguro de salud internacional para individuos ...",75,"🟢 Strong IPMI match — Seguros360 appears to be a Panama-based broker actively marketing international health insurance products to Colombians and expatriates, though the entry provides limited detail about their full service scope.",SerpApi Supplementary,2026-07-12
Costa Rica,LATAM,high,Insured Nomads,https://www.linkedin.com/company/insurednomads,,,"Global insurance provider for the borderless citizen and multinational/distributed teams for health, travel, and wellbeing plans. We're ...",75,"🟢 Strong IPMI match — Insured Nomads explicitly describes itself as a global insurance provider for borderless citizens and distributed teams offering health plans, matching the IPMI broker profile, though the LinkedIn-only presence and lack of website verification introduces some uncertainty.",LinkedIn Search,2026-07-12
Costa Rica,LATAM,high,Quienes somos,https://www.aseguratuviaje.com/sitio/asistencia-seguro,,,Seguro de Salud Internacional · Seguros de Asistencia Médica Internacional ... Seguro de Viaje Costa Rica · Seguro de Viaje para Sudafrica · Seguro de Viaje ...,75,"🟢 Strong IPMI match — Website offers international health insurance (Seguro de Salud Internacional) and travel insurance with international coverage, indicating active distribution of IPMI products to travelers and potentially expatriates.",SerpApi Supplementary,2026-07-12
Uruguay,LATAM,medium,Asegurate.uy – Broker de Seguros en Uruguay | Cotizá Auto ...,https://asegurate.uy/,,,Broker de seguros en Uruguay con más de 30 años de experiencia. Cotizá ... Seguro de Salud Internacional. Internación en Mayo Clinic · Cleveland Clinic ...,75,"🟢 Strong IPMI match — Asegurate is a Uruguayan insurance broker with 30+ years experience that explicitly offers 'Seguro de Salud Internacional' (International Health Insurance) with coverage at major international hospitals like Mayo Clinic and Cleveland Clinic, indicating IPMI distribution capabilities.",SerpApi Supplementary,2026-07-12
Uruguay,LATAM,medium,International health insurance in Uruguay for expatriates,https://globalhealth.insurance/destination/international-health-insurance-in-uruguay-for-expatriates/,,,Global Health provides expatriates in Uruguay with flexible international health insurance and worldwide coverage tailored to their needs.,75,"🟢 Strong IPMI match — Entry describes a company (Global Health) offering flexible international health insurance with worldwide coverage specifically tailored for expatriates in Uruguay, which aligns with IPMI broker characteristics, though the URL structure suggests it may be informational content rather than a direct broker site.",SerpApi Supplementary,2026-07-12
Uruguay,LATAM,medium,NowCompare - International Health Insurance,https://nowcompare.com/international-health-insurance,,,Uruguay; US Virgin Islands; Uzbekistan; Vanuatu; Vatican City ... International health insurance broker. Expat Reviews. star. Previous.,75,"🟢 Strong IPMI match — NowCompare is explicitly described as an 'International health insurance broker' with a dedicated page for international health insurance and mentions expat reviews, indicating active distribution of IPMI products.",SerpApi Supplementary,2026-07-12
Paraguay,LATAM,low,Seguro de Viajero Internacional | Asistencia Médica 24/7,https://www.brokercodas.com.py/asistencia-al-viajero,,,"Seguro de Salud Internacional. Asistencia ... Somos Broker Codas, un broker registrado en Paraguay con más de 10 años trabajando con aseguradoras líderes.",75,🟢 Strong IPMI match — Broker Codas is a registered Paraguay-based broker explicitly offering 'Seguro de Salud Internacional' (International Health Insurance) with 24/7 medical assistance to travelers and internationally mobile individuals.,SerpApi Supplementary,2026-07-12
Bolivia,LATAM,low,International health insurance Bolivia for expatriate,https://indigo-expat.com/en/informations/country-guide/international-health-insurance-expatriates-bolivia/,,,Indigo Expat is an international health insurance for expatriates located in Bolivia ; get your free quote online now!,75,"🟢 Strong IPMI match — Indigo Expat appears to be an IPMI broker offering international health insurance quotes to expatriates, though the entry is a country guide page rather than a direct sales page, suggesting it is a legitimate broker with informational content.",SerpApi Supplementary,2026-07-12
Ecuador,LATAM,medium,¿Viajas frecuentemente fuera del país? Pues en Tecniseguros ...,https://www.facebook.com/tecnisegurosecuador/videos/viajas-frecuentemente-fuera-del-pa%C3%ADs-pues-en-tecniseguros-te-traemos-un-seguro-d/1260358381406571/,,,¿Viajas frecuentemente fuera del país? Pues en Tecniseguros te traemos un seguro de salud internacional especial para ti.,75,"🟢 Strong IPMI match — Tecniseguros explicitly advertises international health insurance ('seguro de salud internacional') for frequent travelers outside Ecuador, indicating IPMI distribution activity.",SerpApi Supplementary,2026-07-12
Ecuador,LATAM,medium,Seguro de Salud para Viajar al Extranjero,https://www.polizamedica.es/seguros/salud/seguro-de-salud-para-viajar-al-extranjero,,,"... seguro de salud internacional para expatriados, que incluye ... Ecuador: cobertura médica vigente requerida para ciertos viajeros.",75,"🟢 Strong IPMI match — The website appears to sell international health insurance for travelers and expatriates based on the description mentioning 'seguro de salud internacional para expatriados,' though the .es domain suggests a Spanish base rather than Ecuadorian registration, warranting moderate confidence rather than high.",SerpApi Supplementary,2026-07-12
Guatemala,LATAM,medium,Moving to Guatemala | Expat Guide,https://www.expatriatehealthcare.com/expat-country-guides/moving-to-guatemala/,,,Moving to Guatemala will provide expats with some challenges. We navigate our ... International Health Insurance · Working Abroad Insurance · Short Term ...,75,"🟢 Strong IPMI match — The website appears to be an expat guide that mentions and likely distributes International Health Insurance and Working Abroad Insurance products, indicating IPMI broker functionality alongside informational content.",SerpApi Supplementary,2026-07-12
Honduras,LATAM,low,BMI Seguros Médicos,https://www.facebook.com/BMISegurosMedicos.EC/posts/recuerda-que-solo-bmi-seguros-m%C3%A9dicos-te-brinda-cobertura-mundial-en-tus-planes-/356399679822932/,,,"... seguro de salud internacional que tengan para viajes, si dicen que ... Honduras, México, Panamá, Paraguay, Perú, República Dominicana ...",75,"🟢 Strong IPMI match — BMI Seguros Médicos explicitly advertises 'cobertura mundial' (worldwide coverage) and international health insurance plans across multiple Latin American countries, indicating active IPMI distribution despite limited online presence.",SerpApi Supplementary,2026-07-12
Bahrain,Middle East,high,ACE Gallagher,https://www.linkedin.com/company/acegallagher/,,,"ACE Gallagher is a leading regional broking firm with over 70 years of expertise. With 15 offices across seven countries, Bahrain 852 Manama,",72,"🟢 Strong IPMI match — ACE Gallagher is a major global insurance broker with significant regional presence across multiple countries, positioning it as a likely IPMI distributor, though LinkedIn alone cannot definitively confirm active international health insurance sales.",LinkedIn Search,2026-07-12
Bahrain,Middle East,high,Nextcare,https://fr.linkedin.com/company/nextcare?trk=ppro_cprof,,,"Being a member of the renowned Allianz Group, Nextcare creates and tailors health insurance management programs covering Customer Service, Risk Assessment ...",72,"🟢 Strong IPMI match — Nextcare is an Allianz Group member in Bahrain offering health insurance management programs, consistent with IPMI distribution, though the LinkedIn-only presence and limited verifiable details create some uncertainty about active international operations.",LinkedIn Search,2026-07-12
Bahrain,Middle East,high,GlobeMed Group,https://www.linkedin.com/company/globemed-limited,,,GlobeMed provides broad automated management of healthcare benefits and actuarial and international health services.,72,"🟢 Strong IPMI match — GlobeMed explicitly mentions 'international health services' and healthcare benefits management consistent with IPMI broker operations, though the LinkedIn-only presence and lack of direct website verification introduces some uncertainty.",LinkedIn Search,2026-07-12
Qatar,Middle East,high,Aon Qatar LLC,,,,Licensed insurance broker — Qatar financial regulator,72,"🟢 Strong IPMI match — Aon is a globally recognized insurance broker licensed in Qatar that typically offers international health insurance and expat coverage as part of its multinational brokerage services, though this specific entry does not explicitly confirm IPMI offerings.",Gov Regulator — Qatar,2026-07-12
Qatar,Middle East,high,Al Afaq Insurance Brokers,https://mu.linkedin.com/company/alafaqinsurancebrokers?trk=similar-pages_result-card_full-click,,,"Al Afaq Insurance Brokers | 4 322 abonnés sur LinkedIn. Adding Life to Years - A member of Chedid Insurance Brokers Network | Al Afaq Insurance Brokers, ...",72,"🟢 Strong IPMI match — Al Afaq Insurance Brokers is a member of Chedid Insurance Brokers Network (known for international insurance solutions) and operates in Qatar as an insurance broker, suggesting IPMI distribution capabilities, though the limited LinkedIn description prevents higher certainty.",LinkedIn Search,2026-07-12
Jordan,Middle East,high,INTEGRO - International Integrated Insurance Brokers LLC,https://www.linkedin.com/company/integro---international-integrated-insurance-brokers-llc,,,INTEGRO - International Integrated Insurance Brokers LLC is authorized and regulated by the Jordanian Insurance Commission Authority.,72,"🟢 Strong IPMI match — INTEGRO appears to be a legitimate international insurance broker regulated by Jordanian Insurance Commission Authority with a name and positioning suggesting IPMI distribution, though LinkedIn alone does not fully confirm active IPMI sales.",LinkedIn Search,2026-07-12
Sri Lanka,South/SE Asia,high,George Steuart Insurance Brokers Pvt Ltd.,https://lk.linkedin.com/company/gsinsurancebrokers,,,As an independent insurance broker we have access to all registered insurers in Sri Lanka and a to a network of global partners. George Steuart Insurance ...,72,"🟢 Strong IPMI match — Independent insurance broker in Sri Lanka with stated access to global partner network, positioned to distribute international health insurance to expatriates and globally mobile individuals, though LinkedIn description lacks explicit IPMI product confirmation.",LinkedIn Search,2026-07-12
Nepal,South/SE Asia,medium,Risk Care Insurance Broking Services Pvt Ltd,https://in.linkedin.com/company/risk-care-insurance-broking,,,"Privately Held. Founded: 2010. Specialties: Insurance of overseas travel, Insurance Services, Health Insurance, and Insurance Broker. Locations. Primary. 708, ...",72,"🟢 Strong IPMI match — Nepal-based insurance broker founded in 2010 with stated specialties in overseas travel insurance and health insurance services, indicating IPMI distribution capability, though LinkedIn profile lacks detailed evidence of active international health insurance sales.",LinkedIn Search,2026-07-12
Vietnam,South/SE Asia,high,Alea - Health Insurance & Benefits,https://hk.linkedin.com/company/alea-health-insurance?trk=public_post_feed-actor-name,,,... insurance broker specialised in health insurance ... international health insurance & service provider ... Hello Vietnam! We had the pleasure to ...,72,"🟢 Strong IPMI match — Company explicitly describes itself as an insurance broker specializing in international health insurance and services, based in Vietnam with Hong Kong LinkedIn presence, indicating focus on expat/globally mobile populations in Asia-Pacific region.",LinkedIn Search,2026-07-12
Vietnam,South/SE Asia,high,HCI Group Global,https://uk.linkedin.com/company/hcigroupglobal,,,"International Health ... Cover available across Thailand, Vietnam, Cambodia ...",72,"🟢 Strong IPMI match — HCI Group Global appears to be an IPMI broker based on the LinkedIn description explicitly mentioning 'International Health' coverage across multiple Southeast Asian countries, though limited online presence and company details create some uncertainty.",LinkedIn Search,2026-07-12
Vietnam,South/SE Asia,high,daily health insurance group,https://at.linkedin.com/company/dailyhealth,,,... international health solutions for the globally mobile community. Our ... Insurance Broker have been trusted partners in our operations across Vietnam ...,72,"🟢 Strong IPMI match — Company explicitly describes itself as providing 'international health solutions for the globally mobile community' and references being an 'Insurance Broker' with operations in Vietnam, indicating IPMI distribution activity, though limited detail prevents higher confidence.",LinkedIn Search,2026-07-12
Vietnam,South/SE Asia,high,Andika Assistant,https://id.linkedin.com/company/andikaassistant,,,"... international health, personal accident, and group-term life insurance, we ... ProASIA Insurance Broker & Consultant. Asuransi. Jakarta, DKI Jakarta · PT ...",72,"🟢 Strong IPMI match — Entry mentions international health insurance and references ProASIA Insurance Broker & Consultant, indicating involvement in IPMI distribution, though limited direct information about Andika Assistant's own operations creates some uncertainty.",LinkedIn Search,2026-07-12
Thailand,South/SE Asia,high,"VanderSure Co.,Ltd",https://www.linkedin.com/company/vandersure,,,... International health insurance across the Asia Pacific region take place. A ... We Asked a Thailand Health Insurance Broker Your Questions. https://www ...,72,"🟢 Strong IPMI match — VanderSure appears to be a Thailand-based health insurance broker operating in the Asia Pacific region with focus on international health insurance, though limited information is available to fully confirm active IPMI distribution.",LinkedIn Search,2026-07-12
Philippines,South/SE Asia,high,Abacare Group Limited,https://th.linkedin.com/company/abacare-group-limited/,,,"เกี่ยวกับเรา. We are a leading international insurance broker ... 1201 Keppel Center, Cardinal Rosales Avenue. Cebu City, Philippines ... international health ...",72,"🟢 Strong IPMI match — Abacare Group Limited is described as a leading international insurance broker based in Philippines with explicit mention of international health insurance services, indicating IPMI distribution activity.",LinkedIn Search,2026-07-12
Malaysia,South/SE Asia,high,"AOC Insurance Broker ""Insurtech""​ is leading a global ...",https://fr.linkedin.com/company/aoc-insurance-broker,,,"AOC Insurance Broker ""Insurtech"" is leading a global international health insurance advisor ... Bahasa Malaysia (Malaisien); Nederlands (Néerlandais); Norsk ...",72,"🟢 Strong IPMI match — LinkedIn profile explicitly identifies as 'international health insurance advisor' with multilingual support and global positioning, consistent with IPMI broker operations, though limited website detail prevents higher confidence verification.",LinkedIn Search,2026-07-12
Malaysia,South/SE Asia,high,Caribbean Assurance Brokers Limited,https://jm.linkedin.com/company/caribbean-assurance-brokers,,,"... international health insurance partners, Seven Corners Incorporated, which ... Insurance Broker. Click here to view Peter Samuels' profile. Peter Samuels.",72,"🟢 Strong IPMI match — Caribbean Assurance Brokers Limited appears to be an insurance broker with international health insurance partnerships (Seven Corners Incorporated is a known IPMI provider), though the Malaysia-based company with a Jamaica LinkedIn domain suggests potential regional focus rather than pure IPMI specialization.",LinkedIn Search,2026-07-12
Lithuania,Small Europe,medium,W Denis Europe UADBB,https://lt.linkedin.com/company/w-denis-europe-uab,,,"W Denis Insurance Brokers. Specialties LifeScience Insurance, Product Liability, Medical Malpractice, International Healthcare, Management Liability,",72,"🟢 Strong IPMI match — W Denis Europe is a Lithuanian insurance broker with stated specialties in International Healthcare, indicating IPMI distribution capability, though the LinkedIn profile emphasizes multiple insurance lines rather than IPMI-specific focus.",LinkedIn Search,2026-07-12
Cyprus,Small Europe,high,Nicos Rossos Insurance Brokers,https://cy.linkedin.com/company/nicos-rossos-insurance,,,"✓ Valid international health coverage Not all policies are accepted ... As an Insurance Broker working closely with HR teams in Cyprus, we know how ...",72,"🟢 Strong IPMI match — Cyprus-based insurance broker explicitly mentioning international health coverage and HR team engagement suggests IPMI distribution, though limited information prevents higher confidence.",LinkedIn Search,2026-07-12
Panama,LATAM,high,VIP Universal Medical Insurance Group (VUMI),https://www.linkedin.com/company/vumigroupinsurance,,,VIP Universal Medical Insurance Group (VUMI®) is an international health insurance company offering exclusive major medical insurance products and VIP medical ...,72,"🟢 Strong IPMI match — VIP Universal Medical Insurance Group appears to be an international health insurance provider based in Panama offering major medical insurance to globally mobile individuals, though the truncated LinkedIn description limits full verification of their broker/distributor model.",LinkedIn Search,2026-07-12
Panama,LATAM,high,RightPlan,https://www.linkedin.com/company/rightplaninsurance,,,"Innovative healthcare solutions, including self-funded plans, captive, senior benefits, and global benefits … broker, financial planning,",72,"🟢 Strong IPMI match — RightPlan describes offering global benefits and self-funded plans typical of IPMI brokers, though the LinkedIn-only presence and lack of website verification creates moderate uncertainty about their active IPMI distribution scope.",LinkedIn Search,2026-07-12
Panama,LATAM,high,Redbridge,https://www.linkedin.com/company/redbridge-insurance,,,"Redbridge is an insurance and reinsurance management group specialized in global operations. large variety of Life and Health (Individual and Group) products,",72,"🟢 Strong IPMI match — Redbridge is an insurance management group based in Panama offering global Life and Health products to individuals and groups, consistent with IPMI broker operations, though the LinkedIn description lacks explicit confirmation of international expat health insurance focus.",LinkedIn Search,2026-07-12
Panama,LATAM,high,"Seguros Triple A on Instagram: ""Contar con un seguro no se ...",https://www.instagram.com/reel/DaEU5AISXt1/,,,by Effy CORREDORES DE SEGUROS Regulado y Supervisado por la Superintendencia de Seguros y Reaseguros de Panamá ... seguro de salud internacional ...,72,"🟢 Strong IPMI match — Seguros Triple A is a Panama-based insurance broker (Corredores de Seguros) regulated by Panama's insurance regulator that explicitly advertises 'seguro de salud internacional' (international health insurance), indicating active IPMI distribution.",SerpApi Supplementary,2026-07-12
Panama,LATAM,high,"MAPFRE Panamá on Instagram: ""Viaja con respaldo y ...",https://www.instagram.com/reel/DVRADQBj1i2/,,,Contar con un seguro de salud internacional ... Panamá CopaAirlines VACATIONS PIZZA & PASTA CALICANTO MIRAFLORES LOCKS PANAMA CANAL CANAL DE ...,72,"🟢 Strong IPMI match — MAPFRE is a major multinational insurance group that offers international health insurance products to expats and globally mobile individuals, though this particular entry is just an Instagram reel and doesn't directly demonstrate active IPMI distribution.",SerpApi Supplementary,2026-07-12
Panama,LATAM,high,"SOMOS SEGUROS PANAMÁ on Instagram: ""Viajar es ...",https://www.instagram.com/reel/DZ-TqaqRHAw/,,,... seguro de salud internacional ... by Effy CORREDORES DE SEGUROS Regulado y Supervisado por la Superintendencia de Seguros y Reaseguros de Panamá ...,72,"🟢 Strong IPMI match — SOMOS SEGUROS PANAMÁ is a regulated insurance broker (Effy CORREDORES DE SEGUROS) explicitly advertising international health insurance (seguro de salud internacional) for travelers, supervised by Panama's insurance regulator.",SerpApi Supplementary,2026-07-12
Costa Rica,LATAM,high,Aseguradora Fortaleza,https://www.facebook.com/AseguradoraFortaleza/posts/la-informaci%C3%B3n-y-la-prevenci%C3%B3n-son-el-primer-paso-para-tomar-mejores-decisionesj/1433017468855593/,,,"... seguro de salud internacional. #AseguradoraFortaleza #GlobalMed #protegiendoloquemásimporta ... Costa Rica”, organizado por la Presidencia ...",72,"🟢 Strong IPMI match — Aseguradora Fortaleza appears to be a Costa Rican insurance company offering international health insurance (seguro de salud internacional) based on social media content mentioning global coverage and health protection, though limited verifiable information about their full IPMI broker operations is available from the provided source.",SerpApi Supplementary,2026-07-12
Uruguay,LATAM,medium,SupraBrokers,https://www.linkedin.com/company/supragroup,,,"SupraBrokers is a leading insurance and investment broker in Latin America and the Caribbean that helps clients around the world take care their health, ...",72,"🟢 Strong IPMI match — SupraBrokers is a Latin American insurance broker that explicitly mentions health services and operates across multiple countries, consistent with regional IPMI distribution, though the LinkedIn snippet alone doesn't confirm active IPMI sales.",LinkedIn Search,2026-07-12
Uruguay,LATAM,medium,"San Cristóbal Seguros on Instagram: ""¿Sabías que con San ...",https://www.instagram.com/reel/DTLAo--jbh0/?hl=es,,,"... Uruguay, Paraguay, Chile, Bolivia, Brasil o Perú, con San Cristóbal ... ¿Sabías que existe un seguro de salud internacional desde USD 20 al mes?",72,"🟢 Strong IPMI match — San Cristóbal Seguros explicitly advertises international health insurance (seguro de salud internacional) covering multiple Latin American countries with pricing in USD, indicating active IPMI distribution to regionally mobile individuals.",SerpApi Supplementary,2026-07-12
Uruguay,LATAM,medium,Thinking of moving to Uruguay? Understanding insurance ...,https://www.instagram.com/p/DQSP3JtDVG-/,,,You are an insurance broker here in Uruguay and your company is one of the oldest. ... expatinsurance ... We help you get tailored international health insurance — ...,72,"🟢 Strong IPMI match — Entry describes an established Uruguayan insurance broker offering tailored international health insurance to expatriates, matching core IPMI broker characteristics, though the Instagram link format creates some uncertainty about the actual business website.",SerpApi Supplementary,2026-07-12
Paraguay,LATAM,low,Seguro de Salud Internacional | Asistencia Médica 24/7,https://www.brokercodas.com.py/seguro-salud-internacional,,,"Seguro de Salud Internacional — Cobertura médica fuera del país ... Somos Broker Codas, un broker registrado en Paraguay con más de 10 años trabajando con ...",72,"🟢 Strong IPMI match — Broker Codas is a registered Paraguay-based broker explicitly offering 'Seguro de Salud Internacional' (International Health Insurance) with coverage outside the country, consistent with IPMI distribution, though the limited website information prevents higher confidence.",SerpApi Supplementary,2026-07-12
Paraguay,LATAM,low,Broker de Seguros Internacionales (@provisional.advisors),https://www.instagram.com/provisional.advisors/,,,"¿Sabías que con nuestro Seguro de Salud Internacional podrías acceder a interconsultas ilimitadas con una red de más de 53,000 médicos altamente calificados y ...",72,"🟢 Strong IPMI match — The entry explicitly mentions 'Seguro de Salud Internacional' (International Health Insurance) with a network of 53,000+ doctors, indicating active distribution of international health insurance products, though the Instagram-only presence and lack of verifiable website reduce confidence.",SerpApi Supplementary,2026-07-12
Bolivia,LATAM,low,BISA Seguros,https://www.facebook.com/BisaSegurosBolivia/posts/tenemos-el-segurodesalud-para-ti-mundial-blue-es-un-seguro-de-gastos-m%C3%A9dicos-may/2859202607443092/,,,... Bolivia. Con nuestra cobertura Internacional tienes atención en ... Alguien Sabe Dónde puedo conseguir el Seguro de Salud Internacional para ...,72,"🟢 Strong IPMI match — BISA Seguros appears to be a Bolivian insurance broker actively marketing international health insurance products (specifically mentioning 'Mundial Blue' with international coverage), indicating they sell IPMI to clients in Bolivia.",SerpApi Supplementary,2026-07-12
Bolivia,LATAM,low,"La Boliviana Ciacruz Seguros, comercializará en #Bolivia ...",https://www.facebook.com/nuevaeconomia/posts/la-boliviana-ciacruz-seguros-comercializar%C3%A1-en-bolivia-un-seguro-de-salud-intern/4299864666712329/,,,"La Boliviana Ciacruz Seguros, comercializará en #Bolivia un seguro de Salud Internacional que tiene el respaldo de la reconocida empresa de ...",72,"🟢 Strong IPMI match — La Boliviana Ciacruz Seguros is explicitly documented as commercializing international health insurance (seguro de salud internacional) in Bolivia, indicating active distribution of IPMI products, though the Facebook source and incomplete description introduce moderate uncertainty.",SerpApi Supplementary,2026-07-12
Ecuador,LATAM,medium,Con nuestro seguro de salud internacional puedes contar ...,https://www.instagram.com/bupaglobal_latinoamerica/p/DWZVJGBlr-k/?hl=ha-ng,,,"Con nuestro seguro de salud internacional puedes contar con orientación médica y acompañamiento cuando lo necesites, estés donde estés.​ Porque sentirte ...",72,"🟢 Strong IPMI match — Instagram post from BUPA Global Latin America promotes international health insurance with medical guidance and support for users regardless of location, consistent with IPMI distribution, though the source being a social media post rather than a dedicated website creates some uncertainty.",SerpApi Supplementary,2026-07-12
Guatemala,LATAM,medium,Cigna Global es la solución para quienes viven fuera de su ...,https://www.instagram.com/p/DOw3WmaiIFS/,,,"Guatemala City, Guatemala. Portada con fondo difuminado de una ... Seguro de salud internacional De Chile y el mundo Consultas médicas y ...",72,"🟢 Strong IPMI match — Cigna Global appears to be an IPMI provider offering international health insurance solutions for people living outside their home country, though the Instagram-sourced entry lacks sufficient detail to confirm active brokerage operations.",SerpApi Supplementary,2026-07-12
Honduras,LATAM,low,IBP Group - Banca Privada Internacional | IBP Group,https://ibpgroup.net/,,,"Complementamos tu planificación financiera con seguro de salud internacional ... Honduras (+504), México (+52), Nicaragua (+505), Panamá (+507), Paraguay (+595) ...",72,"🟢 Strong IPMI match — IBP Group explicitly mentions 'seguro de salud internacional' (international health insurance) as part of their financial planning services and operates across multiple countries in Latin America, indicating IPMI distribution capabilities.",SerpApi Supplementary,2026-07-12
Dominican Republic,LATAM,medium,"Miura Asesores de Seguros on Instagram: "" ¿Sabías que una ...",https://www.instagram.com/reel/DZsGKL9xD7Z/,,,"... Dominican Republic thanks to Miura Insurance Advisors. In the ... Y tú tranquilo, porque tu seguro de salud internacional tiene cobertura en tu ...",72,"🟢 Strong IPMI match — Miura Asesores de Seguros explicitly mentions 'seguro de salud internacional' (international health insurance) coverage in the Dominican Republic, indicating it distributes international health insurance products to clients.",SerpApi Supplementary,2026-07-12
